Date,AAPL,GOOGL,MSFT
2022-01-03,178.2703094482422,143.90419006347656,323.89837646484375
2022-01-04,176.0077667236328,143.316650390625,318.3445129394531
2022-01-05,171.32598876953125,136.74180603027344,306.1238708496094
2022-01-06,168.46600341796875,136.71450805664062,303.7049865722656
2022-01-07,168.63250732421875,135.98951721191406,303.8597412109375
2022-01-10,168.652099609375,137.62960815429688,304.08233642578125
2022-01-11,171.48269653320312,138.6881103515625,304.769287109375
2022-01-12,171.92347717285156,140.36990356445312,307.9526062011719
2022-01-13,168.652099609375,137.54774475097656,294.9192810058594
2022-01-14,169.51406860351562,138.43453979492188,300.1441955566406
2022-01-18,166.31121826171875,134.9781494140625,292.83892822265625
2022-01-19,162.81454467773438,134.103271484375,293.49688720703125
2022-01-20,161.1298828125,132.30780029296875,291.8229675292969
2022-01-21,159.07302856445312,129.37399291992188,286.43359375
2022-01-24,158.29922485351562,129.82308959960938,286.7626037597656
2022-01-25,156.49705505371094,125.98310852050781,279.13800048828125
2022-01-26,156.40890502929688,128.2638702392578,287.09149169921875
2022-01-27,155.94859313964844,128.03756713867188,290.12005615234375
2022-01-28,166.83029174804688,132.3509979248047,298.26708984375
2022-01-31,171.18887329101562,134.28884887695312,300.8989562988281
2022-02-01,171.02243041992188,136.61180114746094,298.7508850097656
2022-02-02,172.2270965576172,146.89013671875,303.29852294921875
2022-02-03,169.34750366210938,142.01693725585938,291.484375
2022-02-04,169.0631103515625,142.21841430664062,296.0223693847656
2022-02-07,168.34719848632812,138.15713500976562,291.1941223144531
2022-02-08,171.4560089111328,138.3536376953125,294.6870422363281
2022-02-09,172.87803649902344,140.5301971435547,301.1214294433594
2022-02-10,168.79830932617188,137.58045959472656,292.5777587890625
2022-02-11,165.38548278808594,133.2755126953125,285.4757080078125
2022-02-14,165.620849609375,134.50967407226562,285.4369812011719
2022-02-15,169.45541381835938,135.5840606689453,290.72967529296875
2022-02-16,169.2200469970703,136.70510864257812,290.39031982421875
2022-02-17,165.620849609375,131.54507446289062,281.8871154785156
2022-02-18,164.07131958007812,129.42510986328125,279.1722106933594
2022-02-22,161.14883422851562,128.8400421142578,278.96856689453125
2022-02-23,156.9808807373047,126.63121032714844,271.74517822265625
2022-02-24,159.59933471679688,131.69593811035156,285.629638671875
2022-02-25,161.66864013671875,133.45120239257812,288.26690673828125
2022-02-28,161.9333953857422,134.04420471191406,289.7019348144531
2022-03-01,160.05044555664062,133.05615234375,285.9787292480469
2022-03-02,163.34559631347656,133.5623321533203,291.0592956542969
2022-03-03,163.02197265625,132.8953857421875,286.9191589355469
2022-03-04,160.02102661132812,130.91732788085938,281.04351806640625
2022-03-07,156.2257537841797,125.4307861328125,270.42657470703125
2022-03-08,154.40162658691406,126.1513442993164,267.4596862792969
2022-03-09,159.80528259277344,132.4194793701172,279.72491455078125
2022-03-10,155.46078491210938,131.4364013671875,276.9033508300781
2022-03-11,151.743896484375,128.89659118652344,271.5513610839844
2022-03-14,147.71319580078125,125.0064926147461,268.03167724609375
2022-03-15,152.09693908691406,128.22914123535156,278.4159240722656
2022-03-16,156.51011657714844,132.28103637695312,285.43572998046875
2022-03-17,157.52027893066406,132.83534240722656,286.2404479980469
2022-03-18,160.8154296875,135.10470581054688,291.29205322265625
2022-03-21,162.18838500976562,135.0808868408203,290.0606689453125
2022-03-22,165.56201171875,138.819091796875,294.81158447265625
2022-03-23,166.92520141601562,137.23855590820312,290.3805847167969
2022-03-24,170.71066284179688,140.51034545898438,294.8503723144531
2022-03-25,171.34812927246094,140.610595703125,294.44317626953125
2022-03-28,172.21115112304688,140.3947296142578,301.2496337890625
2022-03-29,175.50634765625,141.4368438720703,305.8163146972656
2022-03-30,174.33929443359375,140.87411499023438,304.31353759765625
2022-03-31,171.2403106689453,138.02462768554688,298.9323425292969
2022-04-01,170.94601440429688,139.0994873046875,300.0085754394531
2022-04-04,174.996337890625,141.8993377685547,305.3897399902344
2022-04-05,171.6815643310547,139.53671264648438,301.42413330078125
2022-04-06,168.51394653320312,135.52401733398438,290.39031982421875
2022-04-07,168.81793212890625,134.86947631835938,292.20343017578125
2022-04-08,166.80751037597656,132.2879638671875,287.9372253417969
2022-04-11,162.55123901367188,127.8574447631836,276.5833740234375
2022-04-12,164.42437744140625,126.75675964355469,273.48077392578125
2022-04-13,167.11148071289062,128.919921875,278.87164306640625
2022-04-14,162.10011291503906,125.77965545654297,271.3186340332031
2022-04-18,161.88436889648438,126.71903991699219,271.98760986328125
2022-04-19,164.1693878173828,129.03404235839844,276.6221923828125
2022-04-20,164.00267028808594,127.0798110961914,277.6499938964844
2022-04-21,163.2083282470703,123.87850952148438,272.2687683105469
2022-04-22,158.6676788330078,118.73834991455078,265.69500732421875
2022-04-25,159.7366180419922,122.15106201171875,272.1815185546875
2022-04-26,153.77395629882812,117.76023864746094,262.0008544921875
2022-04-27,153.5484161376953,113.43739318847656,274.6054382324219
2022-04-28,160.48196411132812,117.6336898803711,280.82049560546875
2022-04-29,154.60751342773438,113.2537841796875,269.0788269042969
2022-05-02,154.91156005859375,115.70873260498047,275.8174743652344
2022-05-03,156.40223693847656,116.4541015625,273.2092590332031
2022-05-04,162.81602478027344,121.34416198730469,281.1598205566406
2022-05-05,153.7445526123047,115.6318130493164,268.91400146484375
2022-05-06,154.47134399414062,114.87850952148438,266.3736877441406
2022-05-09,149.34454345703125,111.66727447509766,256.5324401855469
2022-05-10,151.75079345703125,113.5371322631836,261.302734375
2022-05-11,143.8838348388672,112.75057983398438,252.62496948242188
2022-05-12,140.01419067382812,111.9977798461914,247.58319091796875
2022-05-13,144.4829559326172,115.18023681640625,253.1776885986328
2022-05-16,142.9409942626953,113.5867691040039,253.54612731933594
2022-05-17,146.57493591308594,115.59956359863281,258.70428466796875
2022-05-18,138.3052978515625,111.06036376953125,246.9256134033203
2022-05-19,134.89724731445312,109.55622100830078,246.0120391845703
2022-05-20,135.1329803466797,108.0912857055664,245.44837951660156
2022-05-23,140.5543975830078,110.65193939208984,253.31053161621094
2022-05-24,137.85348510742188,105.17532348632812,252.30958557128906
2022-05-25,138.01058959960938,105.01155853271484,255.1279296875
2022-05-26,141.21240234375,106.98416137695312,258.4127197265625
2022-05-27,146.9677734375,111.47422790527344,265.5460205078125
2022-05-31,146.18203735351562,112.90889739990234,264.2146911621094
2022-06-01,146.0543670654297,113.03791809082031,264.7491455078125
2022-06-02,148.50975036621094,116.74042510986328,266.84832763671875
2022-06-03,142.78384399414062,113.68203735351562,262.4167175292969
2022-06-06,143.53024291992188,115.9444580078125,261.1824951171875
2022-06-07,146.0543670654297,116.27098083496094,264.826904296875
2022-06-08,145.31777954101562,116.31515502929688,262.79583740234375
2022-06-09,140.09275817871094,113.9743423461914,257.3340759277344
2022-06-10,134.68116760253906,110.32788848876953,245.86630249023438
2022-06-13,129.52491760253906,105.59465789794922,235.4384307861328
2022-06-14,130.3892059326172,105.91523742675781,237.60562133789062
2022-06-15,133.01153564453125,108.94137573242188,244.6708984375
2022-06-16,127.73739624023438,105.23834228515625,238.07212829589844
2022-06-17,129.2106170654297,106.34002685546875,240.67662048339844
2022-06-21,133.44366455078125,110.70752716064453,246.5951690673828
2022-06-22,132.93295288085938,110.65144348144531,246.00234985351562
2022-06-23,135.80079650878906,111.4002914428711,251.5709686279297
2022-06-24,139.13026428222656,117.09030151367188,260.16204833984375
2022-06-27,139.13026428222656,114.9648666381836,257.4312438964844
2022-06-28,134.98562622070312,111.16754150390625,249.2580108642578
2022-06-29,136.74365234375,110.86383819580078,252.93154907226562
2022-06-30,134.27850341796875,108.1458740234375,249.59814453125
2022-07-01,136.4490203857422,107.92208099365234,252.27069091796875
2022-07-05,139.03204345703125,112.41362762451172,255.4486083984375
2022-07-06,140.36776733398438,113.71282196044922,258.7139892578125
2022-07-07,143.73648071289062,117.89224243164062,260.84234619140625
2022-07-08,144.4141845703125,118.45845794677734,260.1231689453125
2022-07-11,142.28294372558594,114.80902862548828,257.0618896484375
2022-07-12,143.2552947998047,113.16545867919922,246.52711486816406
2022-07-13,142.89186096191406,110.51844787597656,245.6038818359375
2022-07-14,145.8186492919922,109.53984832763672,246.9256134033203
2022-07-15,147.48831176757812,110.93927764892578,249.49124145507812
2022-07-18,144.44366455078125,108.2123794555664,247.09078979492188
2022-07-19,148.30348205566406,112.95652770996094,252.2221221923828
2022-07-20,150.30703735351562,113.04586029052734,254.8849639892578
2022-07-21,152.57582092285156,113.48255920410156,257.38262939453125
2022-07-22,151.3383026123047,107.09085845947266,253.0287322998047
2022-07-25,150.2186737060547,106.70378112792969,251.54185485839844
2022-07-26,148.8927459716797,104.2324447631836,244.8069610595703
2022-07-27,153.9900665283203,112.212158203125,261.17279052734375
2022-07-28,154.54006958007812,113.36347198486328,268.6268005371094
2022-07-29,159.60791015625,115.44772338867188,272.8349304199219
2022-08-01,158.62579345703125,113.9986572265625,270.1817932128906
2022-08-02,157.15255737304688,114.2666244506836,267.0815734863281
2022-08-03,163.16326904296875,117.19451904296875,274.5161437988281
2022-08-04,162.8489990234375,117.30368041992188,275.6629638671875
2022-08-05,162.622802734375,116.58908081054688,274.94378662109375
2022-08-08,162.1506805419922,116.42035675048828,272.4267272949219
2022-08-09,162.19989013671875,115.75537109375,274.35089111328125
2022-08-10,166.44862365722656,118.80236053466797,281.0177917480469
2022-08-11,165.7110137939453,117.94881439208984,278.9380798339844
2022-08-12,169.261474609375,120.76750946044922,283.6902770996094
2022-08-15,170.33348083496094,121.16451263427734,285.2064208984375
2022-08-16,170.17613220214844,120.787353515625,284.4678039550781
2022-08-17,171.6710662841797,118.65348815917969,283.7178955078125
2022-08-18,171.2776336669922,119.26883697509766,282.59796142578125
2022-08-19,168.69102478027344,116.33103942871094,278.6827697753906
2022-08-22,164.8061981201172,113.38331604003906,270.5019836425781
2022-08-23,164.47178649902344,113.00615692138672,269.2262268066406
2022-08-24,164.76681518554688,112.83743286132812,268.5931701660156
2022-08-25,167.22561645507812,115.77522277832031,271.5733337402344
2022-08-26,160.9213409423828,109.51254272460938,261.0941162109375
2022-08-29,158.71827697753906,108.59944152832031,258.3087463378906
2022-08-30,156.2890167236328,108.123046875,256.10772705078125
2022-08-31,154.6269073486328,107.408447265625,254.64683532714844
2022-09-01,155.35472106933594,108.91704559326172,253.60475158691406
2022-09-02,153.24014282226562,107.04122161865234,249.3780517578125
2022-09-06,151.9812469482422,106.00901794433594,246.64137268066406
2022-09-07,153.3876495361328,108.62923431396484,251.35507202148438
2022-09-08,151.9124298095703,107.56724548339844,251.7738037109375
2022-09-09,154.7744140625,109.82022857666016,257.55877685546875
2022-09-12,160.73446655273438,110.0286636352539,259.6916809082031
2022-09-13,151.30262756347656,103.53771209716797,245.41424560546875
2022-09-14,152.74839782714844,104.21259307861328,245.63824462890625
2022-09-15,149.8568878173828,102.13827514648438,238.9767608642578
2022-09-16,148.21441650390625,102.02909851074219,238.35340881347656
2022-09-19,151.93206787109375,102.29706573486328,238.13919067382812
2022-09-20,154.3121337890625,100.38154602050781,236.1231689453125
2022-09-21,151.18460083007812,98.53549194335938,232.7145233154297
2022-09-22,150.22079467773438,99.38905334472656,234.69158935546875
2022-09-23,147.94883728027344,97.99954223632812,231.71139526367188
2022-09-26,148.2832489013672,97.4338150024414,231.25367736816406
2022-09-27,149.25692749023438,96.76884460449219,230.2407989501953
2022-09-28,147.3686065673828,99.29972076416016,234.77920532226562
2022-09-29,140.1299591064453,96.68944549560547,231.30238342285156
2022-09-30,135.9206085205078,94.93272399902344,226.8223876953125
2022-10-03,140.1004638671875,97.90029907226562,234.4578399658203
2022-10-04,143.6903076171875,100.8777847290039,242.38540649414062
2022-10-05,143.9853515625,100.66936492919922,242.697021484375
2022-10-06,143.03134155273438,100.65943908691406,240.34994506835938
2022-10-07,137.77940368652344,97.93999481201172,228.12742614746094
2022-10-10,138.1039581298828,97.12614440917969,223.2676544189453
2022-10-11,136.687744140625,96.45124053955078,219.52784729003906
2022-10-12,136.05828857421875,96.82839965820312,219.85899353027344
2022-10-13,140.63157653808594,98.31714630126953,228.12742614746094
2022-10-14,136.09759521484375,95.83589172363281,222.5956573486328
2022-10-17,140.06112670898438,99.2203140258789,231.3315887451172
2022-10-18,141.37904357910156,100.01431274414062,232.27626037597656
2022-10-19,141.48724365234375,98.88285827636719,230.3090057373047
2022-10-20,141.0249786376953,99.2203140258789,229.98757934570312
2022-10-21,144.84100341796875,100.37161254882812,235.8018035888672
2022-10-24,146.9850311279297,101.75119018554688,240.79794311523438
2022-10-25,149.827392578125,103.69650268554688,244.11895751953125
2022-10-26,146.88670349121094,94.21812438964844,225.2836456298828
2022-10-27,142.4117431640625,91.5284423828125,220.83287048339844
2022-10-28,153.1713104248047,95.56790924072266,229.7148895263672
2022-10-31,150.8109130859375,93.80126953125,226.07252502441406
2022-11-01,148.16525268554688,89.79157257080078,222.21583557128906
2022-11-02,142.63792419433594,86.31781005859375,214.35641479492188
2022-11-03,136.5894012451172,82.8043441772461,208.6591033935547
2022-11-04,136.32337951660156,85.93074035644531,215.61279296875
2022-11-07,136.8553924560547,87.826416015625,221.9236602783203
2022-11-08,137.42674255371094,88.23333740234375,222.89756774902344
2022-11-09,132.8655548095703,86.66519165039062,218.65133666992188
2022-11-10,144.6872100830078,93.23553466796875,236.6393280029297
2022-11-11,147.4751434326172,95.68701934814453,240.66159057617188
2022-11-14,146.07626342773438,94.98233795166016,235.24667358398438
2022-11-15,147.81007385253906,97.70179748535156,235.65570068359375
2022-11-16,146.57867431640625,98.10871887207031,236.08546447753906
2022-11-17,148.47999572753906,97.62239074707031,236.03660583496094
2022-11-18,149.04151916503906,96.69937133789062,235.58738708496094
2022-11-21,145.8102569580078,94.88309478759766,236.39794921875
2022-11-22,147.94802856445312,96.32221984863281,239.3083953857422
2022-11-23,148.82481384277344,97.72164154052734,241.798828125
2022-11-25,145.90879821777344,96.72914123535156,241.71095275878906
2022-11-28,142.0766143798828,95.3297119140625,236.11473083496094
2022-11-29,139.07192993164062,94.4761734008789,234.71812438964844
2022-11-30,145.82997131347656,100.23267364501953,249.18231201171875
2022-12-01,146.1057891845703,100.23267364501953,248.74281311035156
2022-12-02,145.6132354736328,99.68679809570312,249.0651092529297
2022-12-05,144.45077514648438,98.73399353027344,244.35765075683594
2022-12-06,140.78607177734375,96.25274658203125,239.39627075195312
2022-12-07,138.84535217285156,94.22804260253906,238.66378784179688
2022-12-08,140.5299072265625,93.00727081298828,241.62303161621094
2022-12-09,140.04721069335938,92.13386535644531,239.68927001953125
2022-12-12,142.3426055908203,92.61026000976562,246.61370849609375
2022-12-13,143.30804443359375,94.91285705566406,250.92074584960938
2022-12-14,141.0816192626953,94.35706329345703,251.2136993408203
2022-12-15,134.47132873535156,90.17862701416016,243.19544982910156
2022-12-16,132.5109100341797,89.58313751220703,238.976318359375
2022-12-19,130.40269470214844,87.77677917480469,234.83531188964844
2022-12-20,130.33377075195312,88.35243225097656,236.15377807617188
2022-12-21,133.4369354248047,88.90824127197266,238.72239685058594
2022-12-22,130.2648162841797,87.10188293457031,232.62811279296875
2022-12-23,129.90029907226562,88.56085205078125,233.1554718017578
2022-12-27,128.09750366210938,86.73464965820312,231.4268341064453
2022-12-28,124.16677856445312,85.37492370605469,229.05357360839844
2022-12-29,127.68375396728516,87.78671264648438,235.38226318359375
2022-12-30,127.99896240234375,87.56836700439453,234.22006225585938
2023-01-03,123.2112045288086,88.4516830444336,233.98565673828125
2023-01-04,124.48204803466797,87.41947937011719,223.75035095214844
2023-01-05,123.16194915771484,85.55358123779297,217.11891174316406
2023-01-06,127.693603515625,86.68502044677734,219.677734375
2023-01-09,128.2156982421875,87.35993194580078,221.8165740966797
2023-01-10,128.78707885742188,87.75691986083984,223.50621032714844
2023-01-11,131.5060577392578,90.83367156982422,230.26461791992188
2023-01-12,131.42726135253906,90.44660949707031,232.94064331054688
2023-01-13,132.75717163085938,91.4291763305664,233.64382934570312
2023-01-17,133.91966247558594,90.60541534423828,234.73764038085938
2023-01-18,133.20050048828125,90.43668365478516,230.3036651611328
2023-01-19,133.25962829589844,92.35221862792969,226.51426696777344
2023-01-20,135.8209686279297,97.2849349975586,234.61068725585938
2023-01-23,139.0128173828125,99.04166412353516,236.91558837890625
2023-01-24,140.4116973876953,96.96734619140625,236.38821411132812
2023-01-25,139.75167846679688,94.50593566894531,234.99159240722656
2023-01-26,141.8204803466797,96.7886962890625,242.2090301513672
2023-01-27,143.76116943359375,98.62481689453125,242.36529541015625
2023-01-30,140.87474060058594,96.21305084228516,237.0425567626953
2023-01-31,142.1455535888672,98.09878540039062,242.02346801757812
2023-02-01,143.26861572265625,99.67686462402344,246.8480987548828
2023-02-02,148.57852172851562,106.93205261230469,258.42138671875
2023-02-03,152.20382690429688,103.99424743652344,252.31739807128906
2023-02-06,149.4749755859375,102.12834930419922,250.77423095703125
2023-02-07,152.35157775878906,106.83280944824219,261.312255859375
2023-02-08,149.66217041015625,98.62481689453125,260.50164794921875
2023-02-09,148.62777709960938,94.29752349853516,257.4642639160156
2023-02-10,148.99281311035156,93.8608169555664,256.9564514160156
2023-02-13,151.79489135742188,93.9005126953125,264.9844970703125
2023-02-14,151.153564453125,93.96998596191406,265.8146667480469
2023-02-15,153.25511169433594,96.21305084228516,263.6900634765625
2023-02-16,151.65676879882812,94.79376220703125,256.6698913574219
2023-02-17,150.51226806640625,93.6424560546875,252.66542053222656
2023-02-21,146.49664306640625,91.10166931152344,247.38807678222656
2023-02-22,146.92088317871094,90.96271514892578,246.25230407714844
2023-02-23,147.40432739257812,90.20841217041016,249.44418334960938
2023-02-24,144.75025939941406,88.46160888671875,244.0102081298828
2023-02-27,145.944091796875,89.1960678100586,244.93055725097656
2023-02-28,145.44090270996094,89.3846435546875,244.20602416992188
2023-03-01,143.3689727783203,89.68238830566406,241.1218719482422
2023-03-02,143.96095275878906,91.31007385253906,245.86070251464844
2023-03-03,149.01254272460938,92.94771575927734,249.95327758789062
2023-03-06,151.77517700195312,94.41661834716797,251.50027465820312
2023-03-07,149.57492065429688,93.15614318847656,248.83712768554688
2023-03-08,150.82797241210938,93.543212890625,248.3965301513672
2023-03-09,148.57843017578125,91.627685546875,247.04537963867188
2023-03-10,146.516357421875,89.95035552978516,243.39334106445312
2023-03-13,148.46005249023438,90.4267578125,248.61195373535156
2023-03-14,150.5516815185547,93.26532745361328,255.33836364746094
2023-03-15,150.9463653564453,95.3892593383789,259.8911437988281
2023-03-16,153.76815795898438,99.56769561767578,270.42620849609375
2023-03-17,152.92953491210938,100.85794830322266,273.5885925292969
2023-03-20,155.2974853515625,100.46095275878906,266.5391540527344
2023-03-21,157.15234375,104.13319396972656,268.0567626953125
2023-03-22,155.72171020507812,102.59481811523438,266.5979309082031
2023-03-23,156.8070068359375,104.80809783935547,271.85565185546875
2023-03-24,158.1094207763672,104.64929962158203,274.704833984375
2023-03-27,156.1657257080078,101.69163513183594,270.6024169921875
2023-03-28,155.54412841796875,100.27236938476562,269.47650146484375
2023-03-29,158.6224365234375,100.62967681884766,274.6460876464844
2023-03-30,160.19119262695312,100.13341522216797,278.112060546875
2023-03-31,162.697265625,102.95213317871094,282.27325439453125
2023-04-03,163.9503173828125,103.57740783691406,281.2256164550781
2023-04-04,163.4175262451172,103.93470001220703,281.1766662597656
2023-04-05,161.572509765625,103.68657684326172,278.39599609375
2023-04-06,162.4604949951172,107.60694122314453,285.5042724609375
2023-04-10,159.86563110351562,105.64179992675781,283.34051513671875
2023-04-11,158.6520538330078,104.55998229980469,276.9176025390625
2023-04-12,157.96142578125,103.85529327392578,277.56378173828125
2023-04-13,163.3484344482422,106.62437438964844,283.7810974121094
2023-04-14,163.0031280517578,108.05358123779297,280.1584167480469
2023-04-17,163.0228729248047,105.17532348632812,282.7627868652344
2023-04-18,164.24630737304688,103.71635437011719,282.341796875
2023-04-19,165.39080810546875,103.39875793457031,282.4201354980469
2023-04-20,164.4239044189453,104.50042724609375,280.12896728515625
2023-04-21,162.815673828125,104.6195297241211,279.7863464355469
2023-04-24,163.12155151367188,105.17532348632812,275.8797607421875
2023-04-25,161.5823974609375,103.07122802734375,269.6624755859375
2023-04-26,161.572509765625,102.9322738647461,289.1954040527344
2023-04-27,166.160400390625,106.78317260742188,298.4576721191406
2023-04-28,167.41343688964844,106.53504180908203,300.8369140625
2023-05-01,167.3246307373047,106.39610290527344,299.1723937988281
2023-05-02,166.28866577148438,104.53019714355469,299.02557373046875
2023-05-03,165.21322631835938,104.6195297241211,298.0367126464844
2023-05-04,163.57537841796875,103.9049301147461,299.02557373046875
2023-05-05,171.25148010253906,104.77832794189453,304.1560363769531
2023-05-08,171.18240356445312,106.9618148803711,302.19781494140625
2023-05-09,169.47547912597656,106.54498291015625,300.582275390625
2023-05-10,171.24159240722656,110.91197967529297,305.7813720703125
2023-05-11,171.42906188964844,115.6958236694336,303.6272888183594
2023-05-12,170.50033569335938,116.6287841796875,302.51116943359375
2023-05-15,170.00634765625,115.63627624511719,302.9908752441406
2023-05-16,170.00634765625,118.61378479003906,305.2232360839844
2023-05-17,170.618896484375,119.93382263183594,308.1080627441406
2023-05-18,172.95062255859375,121.90890502929688,312.5432434082031
2023-05-19,173.05929565429688,121.83941650390625,312.3666076660156
2023-05-22,172.1107940673828,124.11225128173828,315.15338134765625
2023-05-23,169.50242614746094,121.64090728759766,309.344482421875
2023-05-24,169.77906799316406,119.99336242675781,307.9609069824219
2023-05-25,170.91531372070312,122.55401611328125,319.8044128417969
2023-05-26,173.32603454589844,123.67554473876953,326.64361572265625
2023-05-30,175.1736297607422,122.74259185791016,324.9951477050781
2023-05-31,175.1241912841797,121.94860076904297,322.22802734375
2023-06-01,177.93016052246094,122.7922134399414,326.3394470214844
2023-06-02,178.7798309326172,123.73509216308594,329.1065368652344
2023-06-05,177.42626953125,125.06504821777344,329.63641357421875
2023-06-06,177.06069946289062,126.35528564453125,327.4188232421875
2023-06-07,175.68739318847656,121.58135986328125,317.3121032714844
2023-06-08,178.40440368652344,121.22406005859375,319.1568603515625
2023-06-09,178.78973388671875,121.31339263916016,320.6581115722656
2023-06-12,181.58578491210938,122.71282196044922,325.6231384277344
2023-06-13,181.11151123046875,122.9013900756836,328.0173645019531
2023-06-14,181.74386596679688,122.74259185791016,331.0101013183594
2023-06-15,183.77914428710938,124.15194702148438,341.5682067871094
2023-06-16,182.70225524902344,122.60364532470703,335.9064636230469
2023-06-20,182.79112243652344,122.17686462402344,331.706787109375
2023-06-21,181.75372314453125,119.64598846435547,327.3010559082031
2023-06-22,184.7572784423828,122.22649383544922,333.33563232421875
2023-06-23,184.4411163330078,121.42255401611328,328.73358154296875
2023-06-26,183.0480499267578,117.45255279541016,322.43408203125
2023-06-27,185.8045654296875,117.44263458251953,328.2920837402344
2023-06-28,186.9802703857422,119.27876281738281,329.548095703125
2023-06-29,187.31619262695312,118.20685577392578,328.7630310058594
2023-06-30,191.64366149902344,118.80236053466797,334.15008544921875
2023-07-03,190.15179443359375,119.00086975097656,331.6479187011719
2023-07-05,189.03533935546875,120.83699035644531,331.8049621582031
2023-07-06,189.5095977783203,119.20928192138672,334.8663635253906
2023-07-07,188.3931121826172,118.5840072631836,330.8924255371094
2023-07-10,186.3479766845703,115.57673645019531,325.603515625
2023-07-11,185.82432556152344,116.26156616210938,326.2315368652344
2023-07-12,187.49404907226562,118.03812408447266,330.872802734375
2023-07-13,188.25482177734375,123.60606384277344,336.2303161621094
2023-07-14,188.40301513671875,124.47946166992188,338.76190185546875
2023-07-17,191.66346740722656,123.71524810791016,339.2427062988281
2023-07-18,191.4065704345703,122.83191680908203,352.7445373535156
2023-07-19,192.7601318359375,121.11488342285156,348.417236328125
2023-07-20,190.81378173828125,118.30610656738281,340.361328125
2023-07-21,189.63804626464844,119.11996459960938,337.3194885253906
2023-07-24,190.4383087158203,120.61865234375,338.6343078613281
2023-07-25,191.29786682128906,121.29354095458984,344.3942565917969
2023-07-26,192.1673126220703,128.3006134033203,331.4320373535156
2023-07-27,190.9026641845703,128.4296112060547,324.51434326171875
2023-07-28,193.48133850097656,131.5857696533203,332.0207824707031
2023-07-31,194.09393310546875,131.7247314453125,329.6167907714844
2023-08-01,193.26400756835938,130.56350708007812,330.0289001464844
2023-08-02,190.27035522460938,127.41728210449219,321.354736328125
2023-08-03,188.8772430419922,127.48674011230469,320.530517578125
2023-08-04,179.8073272705078,127.14929962158203,321.6294860839844
2023-08-07,176.7050323486328,130.54364013671875,323.915771484375
2023-08-08,177.64361572265625,130.4146270751953,319.9319152832031
2023-08-09,176.0529327392578,128.68768310546875,316.1836853027344
2023-08-10,175.8355712890625,128.71743774414062,316.8704833984375
2023-08-11,175.8949432373047,128.5884246826172,314.9865417480469
2023-08-14,177.54713439941406,130.3451385498047,317.9596862792969
2023-08-15,175.55857849121094,128.8067626953125,315.820556640625
2023-08-16,174.6879425048828,127.73487854003906,315.0535888671875
2023-08-17,172.1453399658203,128.9457244873047,311.5923156738281
2023-08-18,172.630126953125,126.5041732788086,311.19903564453125
2023-08-21,173.96571350097656,127.40734100341797,316.50897216796875
2023-08-22,175.3408966064453,128.11204528808594,317.0792236328125
2023-08-23,179.189453125,131.37733459472656,321.54345703125
2023-08-24,174.49996948242188,128.8067626953125,314.6307678222656
2023-08-25,176.70620727539062,128.90603637695312,317.5905456542969
2023-08-28,178.2693634033203,130.02755737304688,318.2986145019531
2023-08-29,182.15744018554688,133.56085205078125,322.9299621582031
2023-08-30,185.64981079101562,134.8610382080078,323.3036193847656
2023-08-31,185.86749267578125,135.1488494873047,322.29083251953125
2023-09-01,187.44056701660156,134.64268493652344,323.1758117675781
2023-09-05,187.67799377441406,134.75184631347656,327.984130859375
2023-09-06,180.96038818359375,133.4517059326172,327.3253479003906
2023-09-07,175.66738891601562,134.2456817626953,324.4049072265625
2023-09-08,176.28079223632812,135.35728454589844,328.6921691894531
2023-09-11,177.4481964111328,135.8932342529297,332.30096435546875
2023-09-12,174.42080688476562,134.3250732421875,326.2338562011719
2023-09-13,172.3531036376953,135.684814453125,330.4523010253906
2023-09-14,173.86680603027344,137.06439208984375,333.0482482910156
2023-09-15,173.14454650878906,136.36962890625,324.7097473144531
2023-09-18,176.07301330566406,137.17356872558594,323.569091796875
2023-09-19,177.1613006591797,137.00482177734375,323.1658935546875
2023-09-20,173.6194610595703,132.73707580566406,315.41741943359375
2023-09-21,172.07608032226562,129.46182250976562,314.1981201171875
2023-09-22,172.92689514160156,129.2732391357422,311.72015380859375
2023-09-25,174.2031707763672,130.12680053710938,312.2413635253906
2023-09-26,170.1270751953125,127.60585021972656,306.93145751953125
2023-09-27,168.6134033203125,129.56106567382812,307.5705871582031
2023-09-28,168.87063598632812,131.31781005859375,308.40643310546875
2023-09-29,169.3850860595703,129.87867736816406,310.48114013671875
2023-10-02,171.89801025390625,133.1638641357422,316.4302978515625
2023-10-03,170.56239318847656,131.4368896484375,308.1606140136719
2023-10-04,171.80897521972656,134.22581481933594,313.6376647949219
2023-10-05,173.04563903808594,134.05711364746094,314.03094482421875
2023-10-06,175.59814453125,136.54827880859375,321.7991638183594
2023-10-09,177.08216857910156,137.38197326660156,324.31646728515625
2023-10-10,176.48855590820312,137.02467346191406,322.9102478027344
2023-10-11,177.88352966308594,139.49600219726562,326.8730773925781
2023-10-12,178.7838134765625,137.92787170410156,325.634033203125
2023-10-13,176.94366455078125,136.32992553710938,322.2613220214844
2023-10-16,176.81504821777344,138.05690002441406,327.0894470214844
2023-10-17,175.26174926757812,138.6722412109375,326.51904296875
2023-10-18,173.96571350097656,136.9254608154297,324.6015625
2023-10-19,173.5897979736328,136.71701049804688,325.7914123535156
2023-10-20,171.0372772216797,134.5831298828125,321.21905517578125
2023-10-23,171.15599060058594,135.4763641357422,323.8247985839844
2023-10-24,171.59129333496094,137.76904296875,325.0145263671875
2023-10-25,169.27627563476562,124.66805267333984,334.9853820800781
2023-10-26,165.11111450195312,121.3630142211914,322.41864013671875
2023-10-27,166.42694091796875,121.25383758544922,324.3065490722656
2023-10-30,168.47486877441406,123.52667236328125,331.6814270019531
2023-10-31,168.94976806640625,123.14952850341797,332.4681091308594
2023-11-01,172.11563110351562,125.50175476074219,340.2953186035156
2023-11-02,175.67727661132812,126.53394317626953,342.5077209472656
2023-11-03,174.76705932617188,128.1318817138672,346.9129638671875
2023-11-06,177.319580078125,129.2732391357422,350.5807189941406
2023-11-07,179.88198852539062,129.98785400390625,354.5139465332031
2023-11-08,180.94056701660156,130.851318359375,357.139404296875
2023-11-09,180.46568298339844,129.26333618164062,354.67132568359375
2023-11-10,184.6561279296875,131.59568786621094,363.50146484375
2023-11-13,183.07110595703125,131.0994415283203,360.5613098144531
2023-11-14,185.6864013671875,132.61795043945312,364.0914001464844
2023-11-15,186.25103759765625,133.6104736328125,364.2392272949219
2023-11-16,187.93515014648438,135.9031219482422,370.643798828125
2023-11-17,187.91534423828125,134.2952880859375,364.4165954589844
2023-11-20,189.65887451171875,135.22824096679688,371.8951110839844
2023-11-21,188.8564453125,135.94285583496094,367.5893249511719
2023-11-22,189.52017211914062,137.4514617919922,372.2990417480469
2023-11-24,188.19273376464844,135.66494750976562,371.88525390625
2023-11-27,188.014404296875,135.3870391845703,373.0478820800781
2023-11-28,188.61868286132812,136.17112731933594,377.0778503417969
2023-11-29,187.5983428955078,133.97772216796875,373.2843933105469
2023-11-30,188.1728973388672,131.53614807128906,373.3434753417969
2023-12-01,189.45083618164062,130.87115478515625,369.0081787109375
2023-12-04,187.65774536132812,128.3006134033203,363.717041015625
2023-12-05,191.6104278564453,130.00770568847656,367.04736328125
2023-12-06,190.52076721191406,129.0449981689453,363.3819885253906
2023-12-07,192.45249938964844,135.9031219482422,365.50048828125
2023-12-08,193.87901306152344,133.97772216796875,368.7322692871094
2023-12-11,191.3726806640625,132.29043579101562,365.8453369140625
2023-12-12,192.88836669921875,131.52621459960938,368.88006591796875
2023-12-13,196.1079559326172,131.57583618164062,368.87017822265625
2023-12-14,196.25656127929688,130.9505615234375,360.5541687011719
2023-12-15,195.7216339111328,131.60565185546875,365.2837219238281
2023-12-18,194.0573272705078,134.78164672851562,367.1754455566406
2023-12-19,195.09751892089844,135.62521362304688,367.7765197753906
2023-12-20,193.0072479248047,137.30255126953125,365.1752624511719
2023-12-21,192.85865783691406,139.3669891357422,368.05242919921875
2023-12-22,191.7887725830078,140.428955078125,369.0771179199219
2023-12-26,191.24392700195312,140.45872497558594,369.15594482421875
2023-12-27,191.3429718017578,139.31736755371094,368.5746154785156
2023-12-28,191.76893615722656,139.17840576171875,369.766845703125
2023-12-29,190.72877502441406,138.64247131347656,370.5156555175781
2024-01-02,183.90321350097656,137.13385009765625,365.4216003417969
2024-01-03,182.5261993408203,137.87823486328125,365.1555480957031
2024-01-04,180.2081298828125,135.36721801757812,362.5346374511719
2024-01-05,179.48495483398438,134.71214294433594,362.34747314453125
2024-01-08,183.82398986816406,137.798828125,369.18548583984375
2024-01-09,183.40789794921875,139.8930206298828,370.2693786621094
2024-01-10,184.44808959960938,141.21304321289062,377.14678955078125
2024-01-11,183.8536834716797,141.01451110839844,378.9794921875
2024-01-12,184.18060302734375,141.5802459716797,382.7630615234375
2024-01-16,181.91201782226562,141.42144775390625,384.5366516113281
2024-01-17,180.97091674804688,140.40911865234375,383.7484130859375
2024-01-18,186.86524963378906,142.4040069580078,388.083740234375
2024-01-19,189.76785278320312,145.2823028564453,392.813232421875
2024-01-22,192.0760498046875,144.8952178955078,390.6849670410156
2024-01-23,193.3539581298828,145.93734741210938,393.039794921875
2024-01-24,192.68032836914062,147.5848846435547,396.6460876464844
2024-01-25,192.35342407226562,150.73110961914062,398.922119140625
2024-01-26,190.61981201171875,151.04872131347656,397.99591064453125
2024-01-29,189.9362335205078,152.35879516601562,403.70086669921875
2024-01-30,186.28077697753906,150.32420349121094,402.5874938964844
2024-01-31,182.67481994628906,139.04937744140625,391.73919677734375
2024-02-01,185.11181640625,140.10140991210938,397.84814453125
2024-02-02,184.11126708984375,141.3123016357422,405.17889404296875
2024-02-05,185.92413330078125,142.6025390625,399.690673828125
2024-02-06,187.52899169921875,143.01937866210938,399.5329895019531
2024-02-07,187.63795471191406,144.44859313964844,407.96728515625
2024-02-08,186.55816650390625,144.81581115722656,408.0263671875
2024-02-09,187.32191467285156,147.88262939453125,414.3717956542969
2024-02-12,185.6356658935547,146.42367553710938,409.15948486328125
2024-02-13,183.54273986816406,144.05157470703125,400.350830078125
2024-02-14,182.6599578857422,144.84559631347656,404.22039794921875
2024-02-15,182.37229919433594,141.69935607910156,401.3280944824219
2024-02-16,180.8348388671875,139.46624755859375,398.8602600097656
2024-02-20,180.0908966064453,140.0617218017578,397.6065979003906
2024-02-21,180.8447723388672,141.4810028076172,397.0044250488281
2024-02-22,182.878173828125,143.0094451904297,406.3525695800781
2024-02-23,181.04315185546875,142.8804168701172,405.0594177246094
2024-02-26,179.69415283203125,136.53836059570312,402.2954406738281
2024-02-27,181.1522674560547,137.8385467529297,402.2362365722656
2024-02-28,179.95204162597656,135.35728454589844,402.47320556640625
2024-02-29,179.2874755859375,137.4216766357422,408.3169860839844
2024-03-01,178.206298828125,136.111572265625,410.1530456542969
2024-03-04,173.68316650390625,132.35000610351562,409.5805358886719
2024-03-05,168.74346923828125,131.67510986328125,397.4683837890625
2024-03-06,167.75157165527344,130.4146270751953,396.91558837890625
2024-03-07,167.63255310058594,133.3722686767578,403.8749084472656
2024-03-08,169.34854125976562,134.39454650878906,400.9924621582031
2024-03-11,171.35220336914062,136.63760375976562,399.3143310546875
2024-03-12,171.82830810546875,137.4613800048828,409.9359130859375
2024-03-13,169.7453155517578,138.74171447753906,409.7581787109375
2024-03-14,171.6001739501953,142.02691650390625,419.74798583984375
2024-03-15,171.2232208251953,140.1212921142578,411.0611877441406
2024-03-18,172.31436157226562,146.57252502441406,411.9496154785156
2024-03-19,174.65525817871094,145.92739868164062,415.98699951171875
2024-03-20,177.22430419921875,147.6245880126953,419.7578125
2024-03-21,169.98336791992188,146.49313354492188,423.8445739746094
2024-03-22,170.88601684570312,149.63937377929688,423.22265625
2024-03-25,169.46759033203125,148.94464111328125,417.4183044433594
2024-03-26,168.3367919921875,149.54010009765625,416.223876953125
2024-03-27,171.90765380859375,149.73861694335938,416.0067138671875
2024-03-28,170.0924530029297,149.7981719970703,415.305908203125
2024-04-01,168.6542205810547,154.32398986816406,419.1063232421875
2024-04-02,167.47386169433594,153.4009246826172,416.0166320800781
2024-04-03,168.27728271484375,153.7582244873047,415.039306640625
2024-04-04,167.45399475097656,149.4011688232422,412.50238037109375
2024-04-05,168.20785522460938,151.35638427734375,420.0440979003906
2024-04-08,167.0869903564453,153.6887969970703,419.1260681152344
2024-04-09,168.29710388183594,155.4256591796875,420.7943420410156
2024-04-10,166.4224090576172,154.96908569335938,417.81317138671875
2024-04-11,173.62368774414062,158.21458435058594,422.42303466796875
2024-04-12,175.12144470214844,156.5471649169922,416.4707336425781
2024-04-15,171.2926788330078,153.69871520996094,408.3169860839844
2024-04-16,168.0094757080078,153.24212646484375,409.2448425292969
2024-04-17,166.64064025878906,154.30410766601562,406.5401611328125
2024-04-18,165.6883544921875,154.84005737304688,399.0675354003906
2024-04-19,163.66490173339844,152.93446350097656,393.98382568359375
2024-04-22,164.49807739257812,155.10804748535156,395.8001708984375
2024-04-23,165.54953002929688,157.07318115234375,402.3251647949219
2024-04-24,167.65237426757812,157.93667602539062,403.7959289550781
2024-04-25,168.5153350830078,154.83013916015625,393.9048767089844
2024-04-26,167.9301300048828,170.66053771972656,401.0911560058594
2024-04-29,172.09613037109375,164.904052734375,397.07354736328125
2024-04-30,168.9517822265625,161.5592803955078,384.3197937011719
2024-05-01,167.9301300048828,162.63121032714844,389.8576354980469
2024-05-02,171.62991333007812,165.3704833984375,392.7203063964844
2024-05-03,181.89617919921875,165.98585510253906,401.42681884765625
2024-05-06,180.2397003173828,166.83941650390625,408.21826171875
2024-05-07,180.92410278320312,169.96578979492188,404.072265625
2024-05-08,181.26136779785156,168.10980224609375,405.2568664550781
2024-05-09,183.07656860351562,168.6854705810547,407.01397705078125
2024-05-10,181.81512451171875,167.38526916503906,409.40283203125
2024-05-13,185.0233154296875,167.87159729003906,408.3958740234375
2024-05-14,186.1655731201172,169.06259155273438,411.19940185546875
2024-05-15,188.4401397705078,171.21633911132812,418.3887634277344
2024-05-16,188.55931091308594,172.8738250732422,416.3219299316406
2024-05-17,188.589111328125,174.73971557617188,415.55059814453125
2024-05-20,189.75120544433594,175.59324645996094,420.6237487792969
2024-05-21,191.05238342285156,176.5162811279297,424.2827453613281
2024-05-22,189.61215209960938,175.05734252929688,425.7463073730469
2024-05-23,185.61927795410156,172.24855041503906,422.2653503417969
2024-05-24,188.69834899902344,173.677734375,425.3902587890625
2024-05-28,188.7083282470703,175.0771484375,425.54852294921875
2024-05-29,189.0062713623047,174.5809326171875,424.4112854003906
2024-05-30,189.99952697753906,170.81935119628906,410.07208251953125
2024-05-31,190.95306396484375,171.2064208984375,410.5269775390625
2024-06-03,192.72105407714844,171.87139892578125,408.934814453125
2024-06-04,193.0388946533203,172.48672485351562,411.4565124511719
2024-06-05,194.54864501953125,174.0946044921875,419.3085021972656
2024-06-06,193.16798400878906,175.4046630859375,419.8128356933594
2024-06-07,195.56173706054688,173.1517333984375,419.1502990722656
2024-06-10,191.81716918945312,173.89694213867188,423.12567138671875
2024-06-11,205.75254821777344,175.4967041015625,427.88232421875
2024-06-12,211.6326141357422,176.65924072265625,436.16943359375
2024-06-13,212.79470825195312,174.0459747314453,436.68365478515625
2024-06-14,211.0565185546875,175.66561889648438,437.6626892089844
2024-06-17,215.2083282470703,176.11276245117188,443.39837646484375
2024-06-18,212.84437561035156,173.97642517089844,441.390869140625
2024-06-20,208.26547241210938,175.17874145507812,440.7580261230469
2024-06-21,206.0902557373047,178.487548828125,444.792724609375
2024-06-24,206.7358856201172,178.08016967773438,442.7061767578125
2024-06-25,207.65960693359375,182.8595733642578,445.94976806640625
2024-06-26,211.8114013671875,182.71054077148438,447.1463928222656
2024-06-27,212.65565490722656,184.23080444335938,447.8287353515625
2024-06-28,209.19912719726562,180.99151611328125,441.994140625
2024-07-01,215.28778076171875,181.82618713378906,451.6656799316406
2024-07-02,218.78404235839844,184.0618896484375,454.1873779296875
2024-07-03,220.05538940429688,184.63818359375,455.660888671875
2024-07-05,224.81307983398438,189.38780212402344,462.3755798339844
2024-07-08,226.28309631347656,187.82777404785156,461.07025146484375
2024-07-09,227.13729858398438,187.77809143066406,454.4444885253906
2024-07-10,231.4082794189453,189.96408081054688,461.0801086425781
2024-07-11,226.03477478027344,184.38980102539062,449.6582336425781
2024-07-12,228.98475646972656,183.89297485351562,448.5209045410156
2024-07-15,232.81871032714844,185.3436737060547,448.9263610839844
2024-07-16,233.23587036132812,182.75027465820312,444.5356140136719
2024-07-17,227.3359375,179.86871337890625,438.6021423339844
2024-07-18,222.66763305664062,176.55990600585938,435.487060546875
2024-07-19,222.79678344726562,176.53009033203125,432.2632141113281
2024-07-22,222.4491424560547,180.5146026611328,438.0285949707031
2024-07-23,223.4920654296875,180.63381958007812,439.9173583984375
2024-07-24,217.06570434570312,171.53207397460938,424.144287109375
2024-07-25,216.0227813720703,166.2161102294922,413.76068115234375
2024-07-26,216.4896240234375,165.93788146972656,420.55450439453125
2024-07-29,216.76773071289062,168.45181274414062,421.99835205078125
2024-07-30,217.32394409179688,169.2069549560547,418.2306213378906
2024-07-31,220.58181762695312,170.4490203857422,413.71124267578125
2024-08-01,216.88693237304688,169.67396545410156,412.4849853515625
2024-08-02,218.3767852783203,165.6000518798828,403.9606018066406
2024-08-05,207.85824584960938,158.23716735839844,390.7684631347656
2024-08-06,205.83200073242188,157.2832794189453,395.1790466308594
2024-08-07,208.40452575683594,157.9291534423828,394.01214599609375
2024-08-08,211.87098693847656,160.99948120117188,398.22491455078125
2024-08-09,214.78125,162.62905883789062,401.5179443359375
2024-08-12,216.31259155273438,161.25782775878906,402.2991638183594
2024-08-13,220.0316925048828,163.11593627929688,409.4194030761719
2024-08-14,220.47914123535156,159.35003662109375,412.23779296875
2024-08-15,223.46238708496094,160.27415466308594,417.1119689941406
2024-08-16,224.78492736816406,161.923583984375,414.5758056640625
2024-08-19,224.62582397460938,165.6099853515625,417.6072692871094
2024-08-20,225.24234008789062,166.1167449951172,420.846923828125
2024-08-21,225.13296508789062,164.79518127441406,420.19305419921875
2024-08-22,223.2734375,162.75823974609375,411.6829528808594
2024-08-23,225.5705108642578,164.566650390625,412.9114074707031
2024-08-26,225.90858459472656,165.10321044921875,409.64215087890625
2024-08-27,226.7538299560547,163.63262939453125,409.9889221191406
2024-08-28,225.22247314453125,161.81427001953125,406.7790222167969
2024-08-29,228.50399780273438,160.75108337402344,409.2756042480469
2024-08-30,227.71841430664062,162.34092712402344,413.2582092285156
2024-09-03,221.52328491210938,156.3592071533203,405.6298522949219
2024-09-04,219.61404418945312,155.45498657226562,405.0948791503906
2024-09-05,221.13548278808594,156.23995971679688,404.5896301269531
2024-09-06,219.5841827392578,149.9601593017578,397.96185302734375
2024-09-09,219.67369079589844,147.9602813720703,401.9444580078125
2024-09-10,218.87815856933594,147.91053771972656,410.3455505371094
2024-09-11,221.41390991210938,150.39793395996094,419.1033020019531
2024-09-12,221.52328491210938,153.91014099121094,423.02642822265625
2024-09-13,221.25477600097656,156.6661834716797,426.5829772949219
2024-09-16,215.10939025878906,157.26315307617188,427.3260498046875
2024-09-17,215.57672119140625,158.5167999267578,431.1005859375
2024-09-18,219.45494079589844,159.0043182373047,426.80096435546875
2024-09-19,227.58914184570312,161.3225860595703,434.607666015625
2024-09-20,226.9228973388672,162.76527404785156,431.21942138671875
2024-09-23,225.20257568359375,161.0340576171875,429.475830078125
2024-09-24,226.0975341796875,161.47181701660156,425.1762390136719
2024-09-25,225.1031036376953,160.67587280273438,428.0888366699219
2024-09-26,226.2467041015625,161.90957641601562,427.2962646484375
2024-09-27,226.5151824951172,163.1234588623047,424.0368957519531
2024-09-30,231.69601440429688,165.0138702392578,426.29571533203125
2024-10-01,224.9440460205078,166.14813232421875,416.775146484375
2024-10-02,225.51083374023438,165.02383422851562,413.248291015625
2024-10-03,224.4070587158203,165.02383422851562,412.6637878417969
2024-10-04,225.53073120117188,166.2177734375,412.1882629394531
2024-10-07,220.44932556152344,162.15834045410156,405.7289123535156
2024-10-08,224.50650024414062,163.55128479003906,410.85076904296875
2024-10-09,228.25538635253906,161.04397583007812,413.5751953125
2024-10-10,227.75819396972656,161.26287841796875,411.9702453613281
2024-10-11,226.27655029296875,162.4170379638672,412.4458312988281
2024-10-14,230.00555419921875,164.1283721923828,415.2395935058594
2024-10-15,232.541259765625,164.62583923339844,414.84326171875
2024-10-16,230.4828643798828,164.32736206054688,412.2476501464844
2024-10-17,230.85076904296875,162.10858154296875,412.84210205078125
2024-10-18,233.68484497070312,162.59613037109375,414.2687072753906
2024-10-21,235.15655517578125,163.24285888671875,414.8829040527344
2024-10-22,234.54002380371094,164.3074493408203,423.5317077636719
2024-10-23,229.46856689453125,161.95933532714844,420.6487731933594
2024-10-24,229.27964782714844,161.899658203125,420.7775573730469
2024-10-25,230.1149444580078,164.43678283691406,424.16571044921875
2024-10-28,232.0937957763672,165.87948608398438,422.6202392578125
2024-10-29,232.36228942871094,168.82456970214844,427.93035888671875
2024-10-30,228.81227111816406,173.58045959472656,428.50494384765625
2024-10-31,224.64569091796875,170.24734497070312,402.568603515625
2024-11-01,221.66250610351562,170.4264373779297,406.5511779785156
2024-11-04,220.7675323486328,168.3867950439453,404.6589660644531
2024-11-05,222.19947814941406,168.88426208496094,407.6310119628906
2024-11-06,221.4735565185547,175.6201171875,416.2698669433594
2024-11-07,226.20692443847656,179.83876037597656,421.47100830078125
2024-11-08,225.93814086914062,177.4508514404297,418.60791015625
2024-11-11,223.22042846679688,179.44076538085938,414.1200866699219
2024-11-12,223.22042846679688,180.70436096191406,419.0933532714844
2024-11-13,224.1063995361328,177.97817993164062,421.2431945800781
2024-11-14,227.1924591064453,174.69483947753906,422.91748046875
2024-11-15,223.98696899414062,171.62042236328125,411.1380920410156
2024-11-18,226.9933624267578,174.41624450683594,411.89105224609375
2024-11-19,227.252197265625,177.22201538085938,413.90216064453125
2024-11-20,227.9689483642578,175.09280395507812,411.6235046386719
2024-11-21,227.49111938476562,166.784912109375,409.84661865234375
2024-11-22,228.8350372314453,163.9293670654297,413.9464111328125
2024-11-25,231.82151794433594,166.80477905273438,415.7232971191406
2024-11-26,234.00167846679688,168.26739501953125,424.8559265136719
2024-11-27,233.8722381591797,168.37681579589844,419.89251708984375
2024-11-29,236.26144409179688,168.09825134277344,420.3591003417969
2024-12-02,238.51124572753906,170.62542724609375,427.82403564453125
2024-12-03,241.5574951171875,170.47621154785156,428.0423889160156
2024-12-04,241.91587829589844,173.49090576171875,434.2168884277344
2024-12-05,241.9457244873047,171.76963806152344,439.3787841796875
2024-12-06,241.7466278076172,173.8292236328125,440.32183837890625
2024-12-09,245.63902282714844,174.6858673095703,442.7538757324219
2024-12-10,246.65444946289062,184.44761657714844,440.0835876464844
2024-12-11,245.38021850585938,194.63771057128906,445.7021484375
2024-12-12,246.8435821533203,191.21112060546875,446.26800537109375
2024-12-13,247.0128173828125,189.07949829101562,443.9947204589844
2024-12-16,249.9097137451172,195.89279174804688,448.2831115722656
2024-12-17,252.33872985839844,194.65762329101562,451.1320495605469
2024-12-18,246.9331817626953,187.66500854492188,434.1871032714844
2024-12-19,248.66534423828125,187.7745819091797,433.8297119140625
2024-12-20,253.3441925048828,190.66329956054688,433.4029235839844
2024-12-23,254.1206817626953,193.8707275390625,432.0627746582031
2024-12-24,257.0375061035156,195.34494018554688,436.11285400390625
2024-12-26,257.853759765625,194.83694458007812,434.9018249511719
2024-12-27,254.439208984375,192.00799560546875,427.3772888183594
2024-12-30,251.0644989013672,190.49395751953125,421.71905517578125
2024-12-31,249.29251098632812,188.5615234375,418.4134521484375
2025-01-02,242.75209045410156,188.69100952148438,415.51483154296875
2025-01-03,242.26431274414062,191.04177856445312,420.2499084472656
2025-01-06,243.89691162109375,196.10198974609375,424.7169494628906
2025-01-07,241.11949157714844,194.7273712158203,419.2770690917969
2025-01-08,241.60728454589844,193.19337463378906,421.4510192871094
2025-01-10,235.78363037109375,191.2908172607422,415.88214111328125
2025-01-13,233.3446502685547,190.26483154296875,414.135009765625
2025-01-14,232.22967529296875,188.9200897216797,412.62615966796875
2025-01-15,236.79901123046875,194.78712463378906,423.1882019042969
2025-01-16,227.23228454589844,192.15744018554688,421.4708557128906
2025-01-17,228.94451904296875,195.23536682128906,425.8883056640625
2025-01-21,221.6375732421875,197.27737426757812,425.3622131347656
2025-01-22,222.82223510742188,197.5961151123047,442.9325866699219
2025-01-23,222.6529998779297,197.20765686035156,443.4388122558594
2025-01-24,221.77694702148438,199.428955078125,440.8082275390625
2025-01-27,228.82508850097656,191.0617218017578,431.3778381347656
2025-01-28,237.187255859375,194.53811645507812,443.9252624511719
2025-01-29,238.28231811523438,194.64767456054688,439.0909118652344
2025-01-30,236.52027893066406,200.0863800048828,411.95111083984375
2025-01-31,234.93743896484375,203.2240753173828,412.0205993652344
2025-02-03,226.98341369628906,200.4449462890625,407.91094970703125
2025-02-04,231.75184631347656,205.57489013671875,409.3503112792969
2025-02-05,231.42333984375,190.58358764648438,410.26361083984375
2025-02-06,232.16995239257812,190.85255432128906,412.7750244140625
2025-02-07,226.60513305664062,184.616943359375,406.7494812011719
2025-02-10,226.8741912841797,185.7425537109375,409.201416015625
2025-02-11,231.8272705078125,184.5970458984375,408.4271240234375
2025-02-12,236.06277465820312,182.89370727539062,406.0447082519531
2025-02-13,240.7069091796875,185.41383361816406,407.53369140625
2025-02-14,243.7664337158203,184.50738525390625,405.43914794921875
2025-02-18,243.6368865966797,183.0531005859375,406.64031982421875
2025-02-19,244.03550720214844,184.5472412109375,411.73272705078125
2025-02-20,244.99224853515625,183.83999633789062,413.91107177734375
2025-02-21,244.71319580078125,178.95912170410156,406.03326416015625
2025-02-24,246.25791931152344,178.5507354736328,401.8457336425781
2025-02-25,246.1981201171875,174.73565673828125,395.77825927734375
2025-02-26,239.54087829589844,172.05613708496094,397.5985412597656
2025-02-27,236.49131774902344,167.8426513671875,390.4368896484375
2025-02-28,241.01583862304688,169.61570739746094,394.87310791015625
2025-03-03,237.21881103515625,166.35845947265625,386.4184265136719
2025-03-04,235.1259765625,170.25320434570312,386.53778076171875
2025-03-05,234.93663024902344,172.34503173828125,398.8816223144531
2025-03-06,234.5280303955078,171.6776580810547,394.773681640625
2025-03-07,238.2552947998047,173.18173217773438,391.2127380371094
2025-03-10,226.70477294921875,165.41319274902344,378.1328430175781
2025-03-11,220.08741760253906,163.58822631835938,378.4213562011719
2025-03-12,216.2405548095703,166.64979553222656,381.2262878417969
2025-03-13,208.96543884277344,162.31175231933594,376.750244140625
2025-03-14,212.76246643066406,165.03424072265625,386.4880676269531
2025-03-17,213.27072143554688,163.83755493164062,386.6273193359375
2025-03-18,211.96517944335938,160.22752380371094,381.4749450683594
2025-03-19,214.50648498535156,163.43865966796875,385.75201416015625
2025-03-20,213.37039184570312,162.35165405273438,384.7772521972656
2025-03-21,217.5261688232422,163.5383758544922,389.1736755371094
2025-03-24,219.977783203125,167.2182159423828,390.98394775390625
2025-03-25,222.9875030517578,170.09030151367188,393.0528869628906
2025-03-26,220.77503967285156,164.60543823242188,387.89056396484375
2025-03-27,223.08714294433594,161.79319763183594,388.4972839355469
2025-03-28,217.1574249267578,153.90496826171875,376.78009033203125
2025-03-31,221.37301635742188,154.21412658691406,373.3883056640625
2025-04-01,222.4293975830078,156.637451171875,380.1520080566406
2025-04-02,223.12701416015625,156.60751342773438,380.1023254394531
2025-04-03,202.49755859375,150.30491638183594,371.12042236328125
2025-04-04,187.738037109375,145.19903564453125,357.92120361328125
2025-04-07,180.84161376953125,146.34585571289062,355.9517822265625
2025-04-08,171.83241271972656,144.30149841308594,352.66937255859375
2025-04-09,198.17234802246094,158.27293395996094,388.40777587890625
2025-04-10,189.77108764648438,152.39913940429688,379.3165283203125
2025-04-11,197.47471618652344,156.7072296142578,386.378662109375
2025-04-14,201.82984924316406,158.63192749023438,385.7420654296875
2025-04-15,201.45114135742188,155.87953186035156,383.6731872558594
2025-04-16,193.6079559326172,152.90774536132812,369.6284484863281
2025-04-17,196.3087158203125,150.74371337890625,365.8188781738281
2025-04-21,192.50172424316406,147.26332092285156,357.2050476074219
2025-04-22,199.059326171875,151.05287170410156,364.864013671875
2025-04-23,203.90277099609375,154.92218017578125,372.3936462402344
2025-04-24,207.65989685058594,158.8413543701172,385.2347717285156
2025-04-25,208.56680297851562,161.5139617919922,389.7605285644531
2025-04-28,209.4238739013672,160.1676788330078,389.07421875
2025-04-29,210.49021911621094,159.71893310546875,391.9388732910156
2025-04-30,211.7758331298828,158.3626708984375,393.15234375
2025-05-01,212.59304809570312,160.8557891845703,423.1316223144531
2025-05-02,204.65020751953125,163.57827758789062,432.9589538574219
2025-05-05,198.21221923828125,163.7577667236328,433.8442077636719
2025-05-06,197.83349609375,162.7804718017578,430.99945068359375
2025-05-07,195.58120727539062,150.96311950683594,431.03924560546875
2025-05-08,196.81698608398438,153.85511779785156,435.83355712890625
2025-05-09,197.8534393310547,152.329345703125,436.3905334472656
2025-05-12,210.34713745117188,158.02362060546875,446.8644104003906
2025-05-13,212.48263549804688,159.09066772460938,446.74505615234375
2025-05-14,211.88389587402344,164.91456604003906,450.5247802734375
2025-05-15,211.00575256347656,163.5084686279297,451.54119873046875
2025-05-16,210.81614685058594,165.73231506347656,452.6772155761719
2025-05-19,208.3413543701172,166.0813446044922,457.26104736328125
2025-05-20,206.42539978027344,163.5283966064453,456.56353759765625
2025-05-21,201.6654052734375,168.09579467773438,450.983154296875
2025-05-22,200.9369354248047,170.3994140625,453.26513671875
2025-05-23,194.85975646972656,168.00604248046875,448.6015625
2025-05-27,199.78936767578125,172.42384338378906,459.0746765136719
2025-05-28,199.99891662597656,171.8853302001953,455.7563781738281
2025-05-29,199.5299072265625,171.38670349121094,457.0717468261719
2025-05-30,200.4280242919922,171.26702880859375,458.7458190917969
2025-06-02,201.27622985839844,168.5644989013672,460.3502197265625
2025-06-03,202.84292602539062,165.7223358154297,461.3467102050781
2025-06-04,202.39389038085938,167.5872039794922,462.2435302734375
2025-06-05,200.20849609375,167.74676513671875,466.0401611328125
2025-06-06,203.49156188964844,173.20169067382812,468.730712890625
2025-06-09,201.02676391601562,175.81764221191406,471.0924072265625
2025-06-10,202.2441864013672,178.3237762451172,469.2688293457031
2025-06-11,198.36236572265625,177.07569885253906,470.9628601074219
2025-06-12,198.78147888183594,175.42825317382812,477.1909484863281
2025-06-13,196.03726196289062,174.39984130859375,473.2946472167969
2025-06-16,198.0031280517578,176.49659729003906,477.46002197265625
2025-06-17,195.2289581298828,175.6778564453125,476.3638610839844
2025-06-18,196.16697692871094,173.05194091796875,478.5561218261719
2025-06-20,200.57769775390625,166.38226318359375,475.7261047363281
2025-06-23,201.07666015625,164.93450927734375,484.2959289550781
2025-06-24,199.87918090820312,166.51206970214844,488.3915100097656
2025-06-25,201.13653564453125,170.416015625,490.5439453125
2025-06-26,200.57769775390625,173.27157592773438,495.705810546875
2025-06-27,200.65753173828125,178.25387573242188,494.20111083984375
2025-06-30,204.7389373779297,175.95742797851562,495.66595458984375
2025-07-01,207.3833770751953,175.56802368164062,490.3247375488281
2025-07-02,211.99366760253906,178.3636932373047,489.36810302734375
2025-07-03,213.10134887695312,179.2523193359375,497.0909423828125
2025-07-07,209.50889587402344,176.5165557861328,495.974853515625
2025-07-08,209.5687713623047,174.09031677246094,494.8786926269531
2025-07-09,210.69639587402344,176.34681701660156,501.74456787109375
2025-07-10,211.96372985839844,177.34527587890625,499.7216796875
2025-07-11,210.7163543701172,179.91131591796875,501.55523681640625
2025-07-14,208.1816864013672,181.2791748046875,501.2562561035156
2025-07-15,208.67066955566406,181.718505859375,504.04644775390625
2025-07-16,209.71847534179688,182.68701171875,503.8471374511719
2025-07-17,209.57875061035156,183.29605102539062,509.9058532714844
2025-07-18,210.73631286621094,184.7737579345703,508.2616271972656
2025-07-21,212.0335693359375,189.80596923828125,508.2715759277344
2025-07-22,213.94955444335938,191.04405212402344,503.4983825683594
2025-07-23,213.7000732421875,189.93577575683594,504.0962829589844
2025-07-24,213.31088256835938,191.87277221679688,509.0887145996094
2025-07-25,213.43064880371094,192.88121032714844,511.9088439941406
2025-07-28,213.6002960205078,192.28213500976562,510.7030334472656
2025-07-29,210.8261260986328,195.44723510742188,510.7727966308594
2025-07-30,208.6107940673828,196.2260284423828,511.4404296875
2025-07-31,207.1339111328125,191.60317993164062,531.62939453125
2025-08-01,201.95481872558594,188.8374786376953,522.2723388671875
2025-08-04,202.9227752685547,194.7383270263672,533.7619018554688
2025-08-05,202.49366760253906,194.36891174316406,525.8995361328125
2025-08-06,212.80197143554688,195.7866973876953,523.0994262695312
2025-08-07,219.56771850585938,196.21604919433594,519.0138549804688
2025-08-08,228.86814880371094,201.10845947265625,520.2095947265625
2025-08-11,226.95997619628906,200.68911743164062,519.9405517578125
2025-08-12,229.42758178710938,203.02549743652344,527.3843383789062
2025-08-13,233.10403442382812,201.64764404296875,518.7547607421875
2025-08-14,232.5545654296875,202.62611389160156,520.6480102539062
2025-08-15,231.36570739746094,203.58462524414062,518.3461303710938
2025-08-18,230.66639709472656,203.1852569580078,515.286865234375
2025-08-19,230.3367156982422,201.25823974609375,507.98260498046875
2025-08-20,225.79110717773438,199.01171875,503.9468078613281
2025-08-21,224.68218994140625,199.4410400390625,503.2980041503906
2025-08-22,227.53941345214844,205.771240234375,506.2824401855469
2025-08-25,226.94000244140625,208.1675262451172,503.3179931640625
2025-08-26,229.08792114257812,206.81961059570312,501.1021423339844
2025-08-27,230.26678466796875,207.15908813476562,505.7933349609375
2025-08-28,232.33477783203125,211.31265258789062,508.68792724609375
2025-08-29,231.91517639160156,212.5806884765625,505.7434387207031
2025-09-02,229.49752807617188,211.0231170654297,504.1763610839844
2025-09-03,238.2390594482422,230.30323791503906,504.40594482421875
2025-09-04,239.5477752685547,231.94070434570312,507.02105712890625
2025-09-05,239.45787048339844,234.63653564453125,494.0752868652344
2025-09-08,237.64962768554688,233.8870086669922,497.2693176269531
2025-09-09,234.123046875,239.47335815429688,497.4789123535156
2025-09-10,226.5703582763672,239.01365661621094,499.43524169921875
2025-09-11,229.80722045898438,240.21287536621094,500.0740661621094
2025-09-12,233.84332275390625,240.64259338378906,508.94744873046875
2025-09-15,236.47076416015625,251.44552612304688,514.397216796875
2025-09-16,237.9193572998047,250.99581909179688,508.08905029296875
2025-09-17,238.75856018066406,249.36688232421875,509.06719970703125
2025-09-18,237.64962768554688,251.86524963378906,507.5001525878906
2025-09-19,245.26223754882812,254.55349731445312,516.96240234375
2025-09-22,255.8319854736328,252.36492919921875,513.4889526367188
2025-09-23,254.18359375,251.49549865722656,508.2787170410156
2025-09-24,252.06564331054688,246.97845458984375,509.19696044921875
2025-09-25,256.6212158203125,245.6293182373047,506.0827941894531
2025-09-26,255.2126007080078,246.3788299560547,510.5045166015625
2025-09-29,254.18359375,243.89047241210938,513.6386108398438
2025-09-30,254.38340759277344,242.94110107421875,516.982421875
2025-10-01,255.20260620117188,244.7399139404297,518.7391357421875
2025-10-02,256.8809814453125,245.52940368652344,514.7765502929688
2025-10-03,257.7701110839844,245.1896209716797,516.3834838867188
2025-10-06,256.44140625,250.26629638671875,527.5825805664062
2025-10-07,256.23162841796875,245.59934997558594,523.0010986328125
2025-10-08,257.8100891113281,244.46009826660156,523.8695068359375
2025-10-09,253.79396057128906,241.3721160888672,521.4241333007812
2025-10-10,245.032470703125,236.4153594970703,510.0054626464844
2025-10-13,247.42015075683594,243.9904022216797,513.0896606445312
2025-10-14,247.53004455566406,245.28955078125,512.610595703125
2025-10-15,249.09852600097656,250.86590576171875,512.4708251953125
2025-10-16,247.21035766601562,251.29562377929688,510.65423583984375
2025-10-17,252.045654296875,253.13442993164062,512.62060546875
2025-10-20,261.98602294921875,256.3822937011719,515.8245239257812
2025-10-21,262.5155029296875,250.29627990722656,516.6929321289062
2025-10-22,258.19970703125,251.52548217773438,519.5675659179688
2025-10-23,259.3285827636719,252.91456604003906,519.5875244140625
2025-10-24,262.56549072265625,259.7501220703125,522.6318359375
2025-10-27,268.5496520996094,269.0939636230469,530.527099609375
2025-10-28,268.7394714355469,267.295166015625,541.057373046875
2025-10-29,269.4388122558594,274.3905334472656,540.538330078125
2025-10-30,271.13714599609375,281.2960205078125,524.77783203125
2025-10-31,270.108154296875,281.0061950683594,516.8426513671875
2025-11-03,268.7894287109375,283.5345458984375,516.0641479492188
2025-11-04,269.7784729003906,277.35858154296875,513.3692016601562
2025-11-05,269.8783874511719,284.1241455078125,506.2125549316406
2025-11-06,269.50872802734375,284.5638732910156,496.1713562011719
2025-11-07,268.2099914550781,278.647705078125,495.8918762207031
2025-11-10,269.42999267578125,289.9103698730469,505.0547180175781
2025-11-11,275.25,291.11956787109375,507.7297058105469
2025-11-12,273.4700012207031,286.5225830078125,510.1851501464844
2025-11-13,272.95001220703125,278.3879089355469,502.34979248046875
2025-11-14,272.4100036621094,276.22930908203125,509.2268981933594
2025-11-17,267.4599914550781,284.83367919921875,506.54193115234375
2025-11-18,267.44000244140625,284.09417724609375,492.8675537109375
2025-11-19,268.55999755859375,292.61859130859375,486.2099914550781
2025-11-20,266.25,289.26080322265625,478.42999267578125
2025-11-21,271.489990234375,299.464111328125,472.1199951171875
2025-11-24,275.9200134277344,318.3717346191406,474.0
2025-11-25,276.9700012207031,323.22857666015625,476.989990234375
2025-11-26,277.54998779296875,319.7408752441406,485.5
2025-11-28,278.8500061035156,319.970703125,492.010009765625
